,SN,Class,Age,Weight,Height
count,10.0,10.0,10.0,10.0,10.0
mean,5.5,1.0,5.976000000000001,30.556,109.75
std,3.0276503540974917,0.0,0.5651980970322608,3.624335034795272,7.082843120291926
min,1.0,1.0,5.0,24.0,98.0
25%,3.25,1.0,5.625,29.25,106.25
50%,5.5,1.0,5.98,30.28,109.75
75%,7.75,1.0,6.375,32.5,113.25
max,10.0,1.0,6.8,37.0,121.0
